"Package","Version"
"abind","1.4-8"
"alabaster.base","1.8.0"
"alabaster.matrix","1.8.0"
"alabaster.ranges","1.8.0"
"alabaster.schemas","1.8.0"
"alabaster.se","1.8.0"
"AnnotationDbi","1.70.0"
"AnnotationHub","3.16.0"
"ape","5.8-1"
"aplot","0.2.9"
"askpass","1.2.1"
"assertthat","0.2.1"
"assorthead","1.2.0"
"backports","1.5.0"
"base64enc","0.1-3"
"batchelor","1.24.0"
"BBmisc","1.13"
"beachmat","2.24.0"
"beeswarm","0.4.0"
"BH","1.87.0-1"
"biglm","0.9-3"
"Biobase","2.68.0"
"BiocFileCache","2.16.0"
"BiocGenerics","0.54.0"
"BiocManager","1.30.26"
"BiocNeighbors","2.2.0"
"BiocParallel","1.42.2"
"BiocSingular","1.24.0"
"BiocVersion","3.21.1"
"biomaRt","2.64.0"
"Biostrings","2.76.0"
"bit","4.6.0"
"bit64","4.6.0-1"
"bitops","1.0-9"
"blob","1.2.4"
"boot","1.3-31"
"BPCells","0.3.1"
"brew","1.0-10"
"brio","1.1.5"
"broom","1.0.10"
"broom.mixed","0.2.9.6"
"bslib","0.9.0"
"cachem","1.1.0"
"Cairo","1.6-5"
"callr","3.7.6"
"car","3.1-3"
"carData","3.0-5"
"caret","7.0-1"
"caTools","1.18.3"
"cclust","0.6-26"
"CellChat","1.6.1"
"celldex","1.18.0"
"cellranger","1.1.0"
"checkmate","2.3.3"
"circlize","0.4.16"
"class","7.3-23"
"classInt","0.4-11"
"cli","3.6.5"
"clipr","0.8.0"
"clock","0.7.3"
"clue","0.3-66"
"cluster","2.1.8.1"
"clusterProfiler","4.16.0"
"coda","0.19-4.1"
"codetools","0.2-20"
"colorspace","2.1-2"
"commonmark","2.0.0"
"ComplexHeatmap","2.24.1"
"conflicted","1.2.0"
"corrplot","0.95"
"cowplot","1.2.0"
"cpp11","0.5.2"
"crayon","1.5.3"
"credentials","2.0.2"
"crosstalk","1.2.2"
"curl","7.0.0"
"data.table","1.17.8"
"DBI","1.2.3"
"dbplyr","2.5.1"
"DelayedArray","0.34.1"
"DelayedMatrixStats","1.30.0"
"deldir","2.0-4"
"Deriv","4.2.0"
"desc","1.4.3"
"DESeq2","1.48.1"
"devtools","2.4.5"
"diagram","1.6.5"
"DiagrammeR","1.0.11"
"DiceKriging","1.6.0"
"diffobj","0.3.5"
"digest","0.6.37"
"distributional","0.5.0"
"DNAcopy","1.82.0"
"doBy","4.7.0"
"docopt","0.7.2"
"doParallel","1.0.17"
"DOSE","4.2.0"
"dotCall64","1.2"
"downlit","0.4.4"
"downloader","0.4.1"
"dplyr","1.1.4"
"dqrng","0.4.1"
"DT","0.33"
"dtplyr","1.3.2"
"e1071","1.7-16"
"effsize","0.8.1"
"ellipsis","0.3.2"
"emoa","0.5-3"
"enrichplot","1.28.4"
"enrichR","3.4"
"evaluate","1.0.5"
"exactRankTests","0.8-35"
"ExperimentHub","2.16.0"
"expm","1.0-0"
"extrafont","0.19"
"extrafontdb","1.0"
"fansi","1.0.6"
"farver","2.1.2"
"fastDummies","1.7.5"
"fastmap","1.2.0"
"fastmatch","1.1-6"
"fdrtool","1.2.18"
"fgsea","1.34.2"
"filelock","1.0.3"
"fitdistrplus","1.2-4"
"FNN","1.1.4.1"
"fontawesome","0.5.3"
"forcats","1.0.1"
"foreach","1.5.2"
"foreign","0.8-90"
"formatR","1.14"
"Formula","1.2-5"
"fs","1.6.6"
"furrr","0.3.1"
"futile.logger","1.4.3"
"futile.options","1.0.1"
"future","1.67.0"
"future.apply","1.20.0"
"gargle","1.6.0"
"generics","0.1.4"
"GenomeInfoDb","1.44.3"
"GenomeInfoDbData","1.2.14"
"GenomicRanges","1.60.0"
"GEOquery","2.76.0"
"gert","2.1.5"
"GetoptLong","1.0.5"
"ggalluvial","0.12.5"
"ggbeeswarm","0.7.2"
"ggdist","3.3.3"
"ggforce","0.5.0"
"ggfun","0.2.0"
"ggiraph","0.9.1"
"ggnetwork","0.5.14"
"ggnewscale","0.5.2"
"ggplot2","4.0.0"
"ggplotify","0.1.3"
"ggpubr","0.6.1"
"ggrastr","1.0.2"
"ggrepel","0.9.6"
"ggridges","0.5.7"
"ggsci","4.0.0"
"ggsignif","0.6.4"
"ggtangle","0.0.7"
"ggtext","0.1.2"
"ggthemes","5.1.0"
"ggtree","3.16.3"
"gh","1.4.1"
"gitcreds","0.1.2"
"GlobalOptions","0.1.2"
"globals","0.18.0"
"glue","1.8.0"
"GO.db","3.21.0"
"goftest","1.2-3"
"googledrive","2.1.2"
"googlesheets4","1.1.2"
"GOSemSim","2.34.0"
"gower","1.0.2"
"gplots","3.2.0"
"gridBase","0.4-7"
"gridExtra","2.3"
"gridGraphics","0.5-1"
"gridtext","0.1.5"
"grr","0.9.5"
"gson","0.1.0"
"gtable","0.3.6"
"gtools","3.9.5"
"gypsum","1.4.0"
"h5mread","1.0.1"
"hardhat","1.4.2"
"haven","2.5.5"
"HDF5Array","1.36.0"
"hdf5r","1.3.12"
"here","1.0.2"
"hexbin","1.28.5"
"highr","0.11"
"Hmisc","5.2-3"
"hms","1.1.3"
"htmlTable","2.4.3"
"htmltools","0.5.8.1"
"htmlwidgets","1.6.4"
"httpuv","1.6.16"
"httr","1.4.7"
"httr2","1.2.1"
"ica","1.0-3"
"ids","1.0.1"
"igraph","2.1.4"
"ini","0.3.1"
"ipred","0.9-15"
"IRanges","2.42.0"
"irlba","2.3.5.1"
"isoband","0.2.7"
"iterators","1.0.14"
"jpeg","0.1-11"
"jquerylib","0.1.4"
"jsonlite","2.0.0"
"jsonvalidate","1.5.0"
"kableExtra","1.4.0"
"KEGGREST","1.48.1"
"KernSmooth","2.23-26"
"km.ci","0.5-6"
"KMsurv","0.1-6"
"knitr","1.50"
"labeling","0.4.3"
"lambda.r","1.2.4"
"later","1.4.4"
"lattice","0.22-7"
"lava","1.8.1"
"lazyeval","0.2.2"
"leidenbase","0.1.35"
"lhs","1.2.0"
"lifecycle","1.0.4"
"limma","3.64.3"
"listenv","0.9.1"
"litedown","0.7"
"littler","0.3.21"
"lme4","1.1-37"
"lmtest","0.9-40"
"locfit","1.5-9.12"
"lubridate","1.9.4"
"maftools","2.24.0"
"magrittr","2.0.4"
"markdown","2.0"
"MASS","7.3-65"
"Matrix","1.7-3"
"MatrixGenerics","1.20.0"
"MatrixModels","0.5-4"
"matrixStats","1.5.0"
"maxstat","0.7-26"
"memoise","2.0.1"
"mgcv","1.9-3"
"microbenchmark","1.5.0"
"mime","0.13"
"miniUI","0.1.2"
"minqa","1.2.8"
"mlr","2.19.3"
"mlrMBO","1.1.5.1"
"MOCCA","1.4"
"ModelMetrics","1.2.2.2"
"modelr","0.1.11"
"monocle3","1.4.26"
"munsell","0.5.1"
"mvtnorm","1.3-3"
"network","1.19.0"
"nichenetr","2.2.1"
"nlme","3.1-168"
"nloptr","2.2.1"
"NMF","0.28"
"nnet","7.3-20"
"numDeriv","2016.8-1.1"
"openssl","2.3.4"
"org.Hs.eg.db","3.21.0"
"org.Mm.eg.db","3.21.0"
"parallelly","1.45.1"
"parallelMap","1.5.1"
"ParamHelpers","1.14.2"
"patchwork","1.3.2"
"pbapply","1.7-4"
"pbkrtest","0.5.5"
"pbmcapply","1.5.1"
"pheatmap","1.0.13"
"pillar","1.11.1"
"pkgbuild","1.4.7"
"pkgconfig","2.0.3"
"pkgdown","2.1.1"
"pkgload","1.4.0"
"plogr","0.2.0"
"plotly","4.11.0"
"plyr","1.8.9"
"png","0.1-8"
"polyclip","1.10-7"
"polynom","1.4-1"
"praise","1.0.0"
"preprocessCore","1.70.0"
"prettyunits","1.2.0"
"pROC","1.19.0.1"
"processx","3.8.6"
"prodlim","2025.04.28"
"profvis","0.4.0"
"progress","1.2.3"
"progressr","0.16.0"
"promises","1.3.3"
"proxy","0.4-27"
"ps","1.9.1"
"pscl","1.5.9"
"purrr","1.1.0"
"quadprog","1.5-8"
"quantreg","6.1"
"qvalue","2.40.0"
"R.methodsS3","1.8.2"
"R.oo","1.27.1"
"R.utils","2.13.0"
"R6","2.6.1"
"ragg","1.5.0"
"randomForest","4.7-1.2"
"RANN","2.6.2"
"rappdirs","0.3.3"
"rbibutils","2.3"
"rcmdcheck","1.4.0"
"RColorBrewer","1.1-3"
"Rcpp","1.1.0"
"RcppAnnoy","0.0.22"
"RcppArmadillo","15.0.2-2"
"RcppEigen","0.3.4.0.2"
"RcppHNSW","0.6.0"
"RcppProgress","0.4.2"
"RcppTOML","0.2.3"
"Rdpack","2.6.4"
"readr","2.1.5"
"readxl","1.4.5"
"recipes","1.3.1"
"reformulas","0.4.1"
"registry","0.5-1"
"rematch","2.0.0"
"rematch2","2.1.2"
"remotes","2.5.0"
"rentrez","1.2.4"
"reprex","2.1.1"
"reshape2","1.4.4"
"ResidualMatrix","1.18.0"
"reticulate","1.43.0"
"rhdf5","2.52.1"
"rhdf5filters","1.20.0"
"Rhdf5lib","1.30.0"
"RhpcBLASctl","0.23-42"
"Rhtslib","3.4.0"
"rjson","0.2.23"
"rlang","1.1.6"
"rmarkdown","2.30"
"rngtools","1.5.2"
"ROCR","1.0-11"
"roxygen2","7.3.2"
"rpart","4.1.24"
"rprojroot","2.1.1"
"rsample","1.3.1"
"RSpectra","0.16-2"
"RSQLite","2.4.2"
"rstatix","0.7.2"
"rstudioapi","0.17.1"
"rsvd","1.0.5"
"Rtsne","0.17"
"Rttf2pt1","1.3.12"
"rversions","2.1.2"
"rvest","1.0.5"
"s2","1.1.9"
"S4Arrays","1.8.1"
"S4Vectors","0.46.0"
"S7","0.2.0"
"sass","0.4.10"
"ScaledMatrix","1.16.0"
"scales","1.4.0"
"scattermore","1.2"
"scatterpie","0.2.6"
"sctransform","0.4.2"
"scuttle","1.18.0"
"selectr","0.4-2"
"sessioninfo","1.2.3"
"Seurat","5.3.0"
"SeuratObject","5.2.0"
"sf","1.0-21"
"shadowtext","0.1.6"
"shape","1.4.6.1"
"shiny","1.11.1"
"SingleCellExperiment","1.30.1"
"SingleR","2.10.0"
"sitmo","2.0.2"
"slam","0.1-55"
"slider","0.3.2"
"smoof","1.6.0.3"
"sna","2.8"
"snow","0.4-4"
"sourcetools","0.1.7-1"
"sp","2.2-0"
"spam","2.11-1"
"SparseArray","1.8.1"
"SparseM","1.84-2"
"sparseMatrixStats","1.20.0"
"sparsevctrs","0.3.4"
"spatial","7.3-18"
"spatstat.data","3.1-8"
"spatstat.explore","3.5-3"
"spatstat.geom","3.6-0"
"spatstat.random","3.4-2"
"spatstat.sparse","3.1-0"
"spatstat.univar","3.1-4"
"spatstat.utils","3.2-0"
"spData","2.3.4"
"spdep","1.4-1"
"speedglm","0.3-4"
"SQUAREM","2021.1"
"statmod","1.5.0"
"statnet.common","4.12.0"
"stringi","1.8.7"
"stringr","1.5.2"
"SummarizedExperiment","1.38.1"
"survival","3.8-3"
"survminer","0.5.0"
"survMisc","0.5.6"
"svglite","2.2.1"
"sys","3.4.3"
"systemfonts","1.3.0"
"TCGAbiolinks","2.36.0"
"TCGAbiolinksGUI.data","1.28.0"
"tensor","1.5.1"
"testthat","3.2.3"
"textshaping","1.0.3"
"tibble","3.3.0"
"tidyr","1.3.1"
"tidyselect","1.2.1"
"tidytree","0.4.6"
"tidyverse","2.0.0"
"timechange","0.3.0"
"timeDate","4041.110"
"tinytex","0.57"
"treeio","1.32.0"
"tweenr","2.0.3"
"tzdb","0.5.0"
"UCSC.utils","1.4.0"
"units","0.8-7"
"urlchecker","1.0.1"
"usethis","3.1.0"
"utf8","1.2.6"
"uuid","1.2-1"
"uwot","0.2.3"
"V8","6.0.4"
"vctrs","0.6.5"
"vipor","0.4.7"
"viridis","0.6.5"
"viridisLite","0.4.2"
"visNetwork","2.1.4"
"vroom","1.6.6"
"waldo","0.6.1"
"warp","0.2.1"
"whisker","0.4.1"
"withr","3.0.2"
"wk","0.9.4"
"WriteXLS","6.8.0"
"xfun","0.53"
"XML","3.99-0.19"
"xml2","1.4.0"
"xopen","1.0.1"
"xtable","1.8-4"
"XVector","0.48.0"
"yaml","2.3.10"
"yulab.utils","0.2.1"
"zip","2.3.2"
"zlibbioc","1.54.0"
"zoo","1.8-14"
"base","4.5.0"
"boot","1.3-31"
"class","7.3-23"
"cluster","2.1.8.1"
"codetools","0.2-20"
"compiler","4.5.0"
"datasets","4.5.0"
"foreign","0.8-90"
"graphics","4.5.0"
"grDevices","4.5.0"
"grid","4.5.0"
"KernSmooth","2.23-26"
"lattice","0.22-7"
"MASS","7.3-65"
"Matrix","1.7-3"
"methods","4.5.0"
"mgcv","1.9-3"
"nlme","3.1-168"
"nnet","7.3-20"
"parallel","4.5.0"
"rpart","4.1.24"
"spatial","7.3-18"
"splines","4.5.0"
"stats","4.5.0"
"stats4","4.5.0"
"survival","3.8-3"
"tcltk","4.5.0"
"tools","4.5.0"
"utils","4.5.0"
